{"models": "risk_genfactor", "R2_pred": -0.019644975662231445, "IC_pred": 0.00452216873674873}