{"models": "genfactor", "R2_pred": -0.02046644687652588, "IC_pred": 0.01563515007388761}