{"models": "genfactor", "R2_pred": 8.52346420288086e-06, "IC_pred": -0.004544410925915912}