{"models": "MLP", "R2_pred": -0.011695146560668945, "IC_pred": 0.00338080390920452}