{"models": "mlp", "R2_pred": -0.02936244010925293, "IC_pred": 0.002873531992670353}