{"models": "genfactor", "R2_pred": -0.2788412570953369, "IC_pred": 0.005495522200081311}