{"models": "TransWithoutOutputNorm", "R2_pred": -0.2249218225479126, "IC_pred": 0.0030200005961262457}