{"models": "mlp", "R2_pred": -1.1749792098999023, "IC_pred": 0.00014585761691236288}