{"models": "transformer", "R2_pred": -0.0046503543853759766, "IC_pred": 0.009720305244510601}