{"models": "mlp", "R2_pred": -0.01685655117034912, "IC_pred": 0.00966607963156889}