{"models": "transformer", "R2_pred": -0.011907100677490234, "IC_pred": 0.0003397973781497829}