{"models": "transformer", "R2_pred": -0.0008709430694580078, "IC_pred": 0.001677385336266994}